{
    "step3" : {
        "gp_alpha": 2.53951511e-03,
        
        "constant_value": 1.61631558e+01,
    
        "length_scale": 5.55689144e+01, 
        "length_scale_lb": 1.18814472e+00,
        "length_scale_ub": 5.72270395e+02,

        "noise_level" : 8.46273461e+00,
    
        "prior_mean" : 0.0,
        "prior_std" : 10.0
    }
}