{
    "simulation" : {
        "n_experiments" : 2,
        "T" : 100,

        "n_experiments_step6" : 2,
        "T_step6" : 210
    },

    "step3" : {
        "gp_alpha": 1.42156416e-02,
        
        "constant_value": 4.02639318e+01,
    
        "length_scale": 2.71977869e+01, 
        "length_scale_lb": 1.02745609e+02,
        "length_scale_ub": 7.98716594e+02,
    
        "prior_mean" : 0.0,
        "prior_std" : 10.0
    },


    "step4" : {
        "gp_alpha": 1.1808707,
        
        "constant_value": 73.28462559,
        
        "length_scale" : 49.46210374,
        "length_scale_lb": 1.5608476,
        "length_scale_ub" : 613.24013276,

        "noise_level" : 0.0005,
    
        "prior_mean" : 0.0,
        "prior_std" : 10.0

    },

    "step5" : {
        "gp_alpha" : 6.47954351e-02,
        
        "constant_value" : 4.63398833e+01,
        
        "length_scale" : 9.81204728e+01,
        "length_scale_lb" :  8.46074557e+00,
        "length_scale_ub" : 8.59120482e+02,

        "noise_level" : 1.0,
    
        "prior_mean" : 0.0,
        "prior_std" : 10.0

    },

    "step6" : {
        "M" : 15,
        "eps" : 0.005,
        "h" : 0.9
    },

    "step7" : {
        "features" : {
            "A" : 0, 
            "B" : 0,
            "C" : 1, 
            "D" : 2
        },
        "split_time" : 14
    }
}