{
    "simulation" : {
        "n_experiments" : 2,
        "T" : 100,

        "n_experiments_step6" : 2,
        "T_step6" : 150
    },

    "step3" : {
        "gp_alpha": 1.45636156e-02,
        
        "constant_value": 3.79850036e+01,
    
        "length_scale": 6.20871344e+01, 
        "length_scale_lb": 2.87135983e+02,
        "length_scale_ub": 4.92779902e+02,

        "noise_level" : 0.0005,
    
        "prior_mean" : 0.0,
        "prior_std" : 10.0
    },

    "step5" : {
        "gp_alpha": 2.62806144e-01,
        
        "constant_value": 8.05702277e+01,
    
        "length_scale": 4.84285317e+01, 
        "length_scale_lb": 1.59682975e+02,
        "length_scale_ub": 3.66152637e+02,

        "noise_level" : 0.0005,
    
        "prior_mean" : 0.0,
        "prior_std" : 10.0
    },

    "step6" : {
        "M" : 10,
        "eps" : 0.005,
        "h" : 0.8
    },

    "step7" : {
        "features" : {
            "A" : 1, 
            "B" : 0,
            "C" : 0, 
            "D" : 2
        },
        "split_time" : 14
    }
}