{
    "simulation" : {
        "n_experiments" : 2,
        "T" : 70,

        "n_experiments_step6" : 2,
        "T_step6" : 210
    },


    "step3_old" : {
        "gp_alpha": 7.47662309e-03,
        
        "length_scale": 6.79420253e+01, 
        "length_scale_lb":  8.16907147e+00,
        "length_scale_ub": 3.25895880e+02,
    
        "prior_mean" : 0.0,
        "prior_std" : 10.0
    },

    "step3" : {
        "gp_alpha": 0.21770251,
        
        "length_scale": 43.16619331, 
        "length_scale_lb":  178.96158886,
        "length_scale_ub": 206.51601681,
    
        "prior_mean" : 0.0,
        "prior_std" : 10.0
    },

    "step3_old0" : {
        "gp_alpha": 1.45636156e-02,
    
        "length_scale": 6.20871344e+01, 
        "length_scale_lb": 2.87135983e+02,
        "length_scale_ub": 4.92779902e+02,
    
        "prior_mean" : 0.0,
        "prior_std" : 10.0
    },
        


    "step4_old" : {
        "gp_alpha": 1.1808707,
        
        "constant_value": 73.28462559,
        
        "length_scale" : 49.46210374,
        "length_scale_lb": 1.5608476,
        "length_scale_ub" : 613.24013276,

        "noise_level" : 0.0005,
    
        "prior_mean" : 0.0,
        "prior_std" : 10.0

    },



    "step4" : {
        "gp_alpha": 0.000005,
        
        "constant_value": 4.01126146e+01,
    
        "length_scale": 3.0, 
        "length_scale_lb":  0.001,
        "length_scale_ub": 1000,

        "noise_level" : 0.0005,
    
        "prior_mean" : 0.0,
        "prior_std" : 10.0
    },

    "step5" : {
        "gp_alpha" : 6.47954351e-02,
        
        "constant_value" : 4.63398833e+01,
        
        "length_scale" : 9.81204728e+01,
        "length_scale_lb" :  8.46074557e+00,
        "length_scale_ub" : 8.59120482e+02,

        "noise_level" : 1.0,
    
        "prior_mean" : 0.0,
        "prior_std" : 10.0

    },

    "step6" : {
        "M" : 15,
        "eps" : 0.005,
        "h" : 0.8
    },

    "step7" : {
        "features" : {
            "A" : 0, 
            "B" : 0,
            "C" : 1, 
            "D" : 2
        },
        "split_time" : 14
    }
}